config	/opt/data/.hermes-home/.hermes/email_watchdog_config.json	0af958567028481aabaea87b1515881f207c480ce35dc6c3dd02620a9d9f1005
email_config	/opt/data/skills/hermes-email-watchdog/scripts/email_config.py	09ecd5e0ec71b70b486f72a4005c7ff0ea6a4b85db86fbbb71c5ec36315b5938
feature_extractor	/opt/data/skills/hermes-email-watchdog/scripts/email_feature_extractor.py	00236326b3b1a5157b856b49c65f8daf25fd5406e3073b04eccb6ba2c0237fa3
semantic_engine	/opt/data/skills/hermes-email-watchdog/scripts/email_semantic_engine.py	ed4fb04c15f3ede6bb0e60779a1bc8fdc1fdd288c164d03659f711a6d040d3e9
semantic_core	/opt/data/skills/hermes-email-watchdog/scripts/email_semantic_core.py	66119ee0b964e612a7b8432f6c8c1201d23e38ea0538ca064dbc9ed41e934687
semantic_schema	/opt/data/skills/hermes-email-watchdog/scripts/email_semantic_schema.py	4c605ef834c490df2a7f22176b4335dcadbbc16d98eae1c1b83e2e64ed176c85
renderer	/opt/data/skills/hermes-email-watchdog/scripts/email_notification_renderer.py	20e2d9f6690dfddb60b93247e53cb1b42fe203b73b985ed8297ae5ab739560ad
semantic_memory	/opt/data/skills/hermes-email-watchdog/scripts/email_semantic_memory.py	d401c19603d0eb9019a7233ea641550c9f73d2bb485f2ef8130f821b9de01415
production_router	/opt/data/skills/hermes-email-watchdog/scripts/email_production_router.py	7ccb6e803c7d5aafd8dcfeb1498803cc0de55f4ed9415b72d2800b46505fa788
email_delivery	/opt/data/skills/hermes-email-watchdog/scripts/email_delivery.py	63f547054252d18110bac4cb5beb962cd60bdfefd8fec7dd5f29197b49b0b6fa
email_watch	/opt/data/skills/hermes-email-watchdog/scripts/email_watch.py	af54cb599ad63d21963b97c045af1b1b33fb3d45664e50fe920eb8401b7b4452
renderer_test	/opt/data/skills/hermes-email-watchdog/tests/test_email_renderer_matrix.py	2e7f1f0e1a4a16d2747236cd147a4e682a1eeee411b469772ec4e5c0fdf74053
router_test	/opt/data/skills/hermes-email-watchdog/tests/test_email_production_router_matrix.py	7a183e4a54b0094f935754b9df0138f63a91cb8744a2ea51252a0ff94b51f94c
production_delivery_test	/opt/data/skills/hermes-email-watchdog/tests/test_email_production_delivery_matrix.py	41b873230d70d69dfd9aaabac7e77839d9d80b31441ebac7684c14d5e2f2268a
outbox_test	/opt/data/skills/hermes-email-watchdog/tests/test_email_outbox_idempotency_matrix.py	bccc63e96ec16870f0f0fcfa179c217f9ac2426b8a9581c9926a67399c519a2e
active_handler	/opt/data/hooks/hermes-email-watchdog/handler.py	9c1f945eb3b2da76fd00df5a1d3eded80d3258165e1749a284f6c80ea2f8bd06
template_handler	/opt/data/skills/hermes-email-watchdog/hooks/hermes-email-watchdog/handler.py	9c1f945eb3b2da76fd00df5a1d3eded80d3258165e1749a284f6c80ea2f8bd06
handler_baseline_test	/opt/data/skills/hermes-email-watchdog/tests/handler_baseline.py	9c1f945eb3b2da76fd00df5a1d3eded80d3258165e1749a284f6c80ea2f8bd06
outbox_lifecycle_test	/opt/data/skills/hermes-email-watchdog/tests/test_outbox_lifecycle.py	79a6c7e97107968239d4e315f9c896a2f01b53c749a7a6c4c9121c429436daf6
nonblocking_backoff_test	/opt/data/skills/hermes-email-watchdog/tests/test_email_outbox_nonblocking_backoff_matrix.py	7fcb91367f9dcc8629b666f3b47dd5de6124f59441cb7c094d6e2d279f37156a
wechat_enhance	/opt/data/hooks/hermes-wechat-enhance/handler.py	6b5454dbd90cc2c6dd0c4aba75cebdc45e58d122780f87dfa91768d03956a6df
weixin	/opt/hermes/gateway/platforms/weixin.py	926b74e3476a78317560fadc5367eb37a061edba72b1fb225cf7e1de80cc5920
